query_intent,ranking,query_count,mean_precision_at_k,mean_recall_at_k,mean_ndcg_at_k,mean_representation_at_k,mean_exposure_gap
fertility,baseline,17,0.35294117647058826,0.0007415982005387763,0.9996647482183034,0.9411764705882353,6.212001513461923
fertility,fair_top_k,17,0.35294117647058826,0.0007415982005387763,0.9996647482183034,0.9411764705882353,6.212001513461923
fertility,linear_fairness,17,0.35294117647058826,0.0007415982005387763,1.0,0.9411764705882353,6.212001513461923
fertility,mmr_fairness,17,0.35294117647058826,0.0007415982005387763,0.9997347418092355,0.9411764705882353,6.212001513461923
general,baseline,36,1.0,0.005972553981861451,0.9932822029338495,0.6541666666666667,2.1354761525106487
general,fair_top_k,36,1.0,0.005972553981861451,0.9949327642267792,0.6708333333333333,2.5479606684178
general,linear_fairness,36,1.0,0.005972553981861451,0.9967054423767168,0.6736111111111112,2.677581081730835
general,mmr_fairness,36,1.0,0.005972553981861451,0.9933345140145886,0.6583333333333333,2.293216428718575
gynecology,baseline,13,1.0,0.032250810884071814,1.0,1.0,7.040268381923513
gynecology,fair_top_k,13,1.0,0.032250810884071814,1.0,1.0,7.040268381923513
gynecology,linear_fairness,13,1.0,0.032250810884071814,1.0,1.0,7.040268381923513
gynecology,mmr_fairness,13,1.0,0.032250810884071814,1.0,1.0,7.040268381923513
maternal,baseline,10,1.0,0.015260827252290743,1.0,1.0,7.040268381923513
maternal,fair_top_k,10,1.0,0.015260827252290743,1.0,1.0,7.040268381923513
maternal,linear_fairness,10,1.0,0.015260827252290743,1.0,1.0,7.040268381923513
maternal,mmr_fairness,10,1.0,0.015260827252290743,1.0,1.0,7.040268381923513
oncology,baseline,4,1.0,0.0012321976960034135,1.0,1.0,7.040268381923513
oncology,fair_top_k,4,1.0,0.0012321976960034135,1.0,1.0,7.040268381923513
oncology,linear_fairness,4,1.0,0.0012321976960034135,1.0,1.0,7.040268381923513
oncology,mmr_fairness,4,1.0,0.0012321976960034135,1.0,1.0,7.040268381923513
